,design,n,mpnn,plddt,i_ptm,i_pae,rmsd,seq
0,0,0,1.2901931447620605,0.7592332363128662,0.3246256709098816,23.027291417121887,5.400547027587891,ITHAFTKNSGLCICCEVFVGPRKLCVKEMNSGMAKKQAWLIKNKIKAFYAAVAADCFRDGVRSLLQASGLGRMKPNTLVIGYKKNWRKAPLTEIENYVGIIHDAFDFEIGVVIVRISQGFDISQVLQVQEELFNQKLVEASTQFKKKQEKGTIDVWWLFDDGGLTLLIPYILTLRKKWKDCKLRIYVGGKINRIEEEKIVMASLLSKFRIKFADIHIIGDINIRPNKESWKVFEEMIEPYRLHESCKDLTTAEKLKRETPWKITDAELEAVKEKSYRQVRLNELLQEHSRAANLIVLSLPVARKGSISDLLYMAWLEILTKNLPPVLLVRGNHKNVLTFYS/KIEELLEEKENKETELKYLLFRKDISSIDEEEYKITEKKIEELKKEAEELEKKAEELLKS
1,0,1,1.248225223313354,0.8431092500686646,0.16540157794952393,26.58170598745346,12.878443717956543,ITHAFTKNSGLCICCEVFVGPRKLCVKEMNSGMAKKQAWLIKNKIKAFYAAVAADCFRDGVRSLLQASGLGRMKPNTLVIGYKKNWRKAPLTEIENYVGIIHDAFDFEIGVVIVRISQGFDISQVLQVQEELFNQKLVEASTQFKKKQEKGTIDVWWLFDDGGLTLLIPYILTLRKKWKDCKLRIYVGGKINRIEEEKIVMASLLSKFRIKFADIHIIGDINIRPNKESWKVFEEMIEPYRLHESCKDLTTAEKLKRETPWKITDAELEAVKEKSYRQVRLNELLQEHSRAANLIVLSLPVARKGSISDLLYMAWLEILTKNLPPVLLVRGNHKNVLTFYS/EIDKLKEEAENLKTQLEYLKFRMEEFAIDEEEYERVKKKMEELEKQAKELEEKVKKLEEE
2,0,2,1.2367658275291376,0.8384792804718018,0.35505545139312744,21.44907784461975,28.512527465820312,ITHAFTKNSGLCICCEVFVGPRKLCVKEMNSGMAKKQAWLIKNKIKAFYAAVAADCFRDGVRSLLQASGLGRMKPNTLVIGYKKNWRKAPLTEIENYVGIIHDAFDFEIGVVIVRISQGFDISQVLQVQEELFNQKLVEASTQFKKKQEKGTIDVWWLFDDGGLTLLIPYILTLRKKWKDCKLRIYVGGKINRIEEEKIVMASLLSKFRIKFADIHIIGDINIRPNKESWKVFEEMIEPYRLHESCKDLTTAEKLKRETPWKITDAELEAVKEKSYRQVRLNELLQEHSRAANLIVLSLPVARKGSISDLLYMAWLEILTKNLPPVLLVRGNHKNVLTFYS/EIEKLEKEAEDLENELKYLKFREELYKIDPELYEIHKKKIKELEEKYEETKKKVEELKKK
3,0,3,1.2009281727656897,0.8332133889198303,0.3500334620475769,22.179779291152954,15.223516464233398,ITHAFTKNSGLCICCEVFVGPRKLCVKEMNSGMAKKQAWLIKNKIKAFYAAVAADCFRDGVRSLLQASGLGRMKPNTLVIGYKKNWRKAPLTEIENYVGIIHDAFDFEIGVVIVRISQGFDISQVLQVQEELFNQKLVEASTQFKKKQEKGTIDVWWLFDDGGLTLLIPYILTLRKKWKDCKLRIYVGGKINRIEEEKIVMASLLSKFRIKFADIHIIGDINIRPNKESWKVFEEMIEPYRLHESCKDLTTAEKLKRETPWKITDAELEAVKEKSYRQVRLNELLQEHSRAANLIVLSLPVARKGSISDLLYMAWLEILTKNLPPVLLVRGNHKNVLTFYS/EIEELEKKAEDLLNELKYLEFRLELSKIYEEEYKRDKEKIKELKEKYEETKKKIEELKKK
4,0,4,1.2357513721214486,0.7688448429107666,0.3725571632385254,21.95724254846573,5.938840866088867,ITHAFTKNSGLCICCEVFVGPRKLCVKEMNSGMAKKQAWLIKNKIKAFYAAVAADCFRDGVRSLLQASGLGRMKPNTLVIGYKKNWRKAPLTEIENYVGIIHDAFDFEIGVVIVRISQGFDISQVLQVQEELFNQKLVEASTQFKKKQEKGTIDVWWLFDDGGLTLLIPYILTLRKKWKDCKLRIYVGGKINRIEEEKIVMASLLSKFRIKFADIHIIGDINIRPNKESWKVFEEMIEPYRLHESCKDLTTAEKLKRETPWKITDAELEAVKEKSYRQVRLNELLQEHSRAANLIVLSLPVARKGSISDLLYMAWLEILTKNLPPVLLVRGNHKNVLTFYS/EIEKIKEEIENLKTELRYLEFRLDIFKIDEEEYERVKKKMKELEEKAKKLEEEAEKLEAE
5,0,5,1.229378538622205,0.7678679823875427,0.42961978912353516,20.48757654428482,5.186130523681641,ITHAFTKNSGLCICCEVFVGPRKLCVKEMNSGMAKKQAWLIKNKIKAFYAAVAADCFRDGVRSLLQASGLGRMKPNTLVIGYKKNWRKAPLTEIENYVGIIHDAFDFEIGVVIVRISQGFDISQVLQVQEELFNQKLVEASTQFKKKQEKGTIDVWWLFDDGGLTLLIPYILTLRKKWKDCKLRIYVGGKINRIEEEKIVMASLLSKFRIKFADIHIIGDINIRPNKESWKVFEEMIEPYRLHESCKDLTTAEKLKRETPWKITDAELEAVKEKSYRQVRLNELLQEHSRAANLIVLSLPVARKGSISDLLYMAWLEILTKNLPPVLLVRGNHKNVLTFYS/EISKLKEKAKDLETELKYLEFRKDLYEIDEEEYKITEEKMKKLKEEYEKLKKEVEELEKA
6,0,6,1.2709755090740975,0.8195942044258118,0.16679127514362335,26.908697545528412,28.421438217163086,ITHAFTKNSGLCICCEVFVGPRKLCVKEMNSGMAKKQAWLIKNKIKAFYAAVAADCFRDGVRSLLQASGLGRMKPNTLVIGYKKNWRKAPLTEIENYVGIIHDAFDFEIGVVIVRISQGFDISQVLQVQEELFNQKLVEASTQFKKKQEKGTIDVWWLFDDGGLTLLIPYILTLRKKWKDCKLRIYVGGKINRIEEEKIVMASLLSKFRIKFADIHIIGDINIRPNKESWKVFEEMIEPYRLHESCKDLTTAEKLKRETPWKITDAELEAVKEKSYRQVRLNELLQEHSRAANLIVLSLPVARKGSISDLLYMAWLEILTKNLPPVLLVRGNHKNVLTFYS/EIEKLKEEAEDLKTELNFLKSREELFSIDEEEWEIHKKKMEELEEKYKKLEEEIEKLEKE
7,0,7,1.2366913910135802,0.6815838813781738,0.4486110210418701,20.263541281223297,6.388663291931152,ITHAFTKNSGLCICCEVFVGPRKLCVKEMNSGMAKKQAWLIKNKIKAFYAAVAADCFRDGVRSLLQASGLGRMKPNTLVIGYKKNWRKAPLTEIENYVGIIHDAFDFEIGVVIVRISQGFDISQVLQVQEELFNQKLVEASTQFKKKQEKGTIDVWWLFDDGGLTLLIPYILTLRKKWKDCKLRIYVGGKINRIEEEKIVMASLLSKFRIKFADIHIIGDINIRPNKESWKVFEEMIEPYRLHESCKDLTTAEKLKRETPWKITDAELEAVKEKSYRQVRLNELLQEHSRAANLIVLSLPVARKGSISDLLYMAWLEILTKNLPPVLLVRGNHKNVLTFYS/KIKELEEEAEDLEIELKYLEFRKDLSKIDEEEYERDKKKIEKLKEKYEKLKKEAEKLKKE
8,0,8,1.3022849617218106,0.7987220287322998,0.6557248830795288,14.153953611850739,6.873483180999756,ITHAFTKNSGLCICCEVFVGPRKLCVKEMNSGMAKKQAWLIKNKIKAFYAAVAADCFRDGVRSLLQASGLGRMKPNTLVIGYKKNWRKAPLTEIENYVGIIHDAFDFEIGVVIVRISQGFDISQVLQVQEELFNQKLVEASTQFKKKQEKGTIDVWWLFDDGGLTLLIPYILTLRKKWKDCKLRIYVGGKINRIEEEKIVMASLLSKFRIKFADIHIIGDINIRPNKESWKVFEEMIEPYRLHESCKDLTTAEKLKRETPWKITDAELEAVKEKSYRQVRLNELLQEHSRAANLIVLSLPVARKGSISDLLYMAWLEILTKNLPPVLLVRGNHKNVLTFYS/EIKELEEKAENLEVEEKYLLARKDLFAIDEEEYARTKQKIEKLKKEKEELKKKIEELKKS
9,0,9,1.2373690488859057,0.7049112915992737,0.3826373517513275,21.874391555786133,6.093236923217773,ITHAFTKNSGLCICCEVFVGPRKLCVKEMNSGMAKKQAWLIKNKIKAFYAAVAADCFRDGVRSLLQASGLGRMKPNTLVIGYKKNWRKAPLTEIENYVGIIHDAFDFEIGVVIVRISQGFDISQVLQVQEELFNQKLVEASTQFKKKQEKGTIDVWWLFDDGGLTLLIPYILTLRKKWKDCKLRIYVGGKINRIEEEKIVMASLLSKFRIKFADIHIIGDINIRPNKESWKVFEEMIEPYRLHESCKDLTTAEKLKRETPWKITDAELEAVKEKSYRQVRLNELLQEHSRAANLIVLSLPVARKGSISDLLYMAWLEILTKNLPPVLLVRGNHKNVLTFYS/EIAELKEEEENYKTELKYLEFRKELASIDEEEYEKTKKKMEELKKKAEEIRKKVEELEAK
10,0,10,1.2252250326617968,0.8004472851753235,0.30940890312194824,23.661400198936462,12.12214183807373,ITHAFTKNSGLCICCEVFVGPRKLCVKEMNSGMAKKQAWLIKNKIKAFYAAVAADCFRDGVRSLLQASGLGRMKPNTLVIGYKKNWRKAPLTEIENYVGIIHDAFDFEIGVVIVRISQGFDISQVLQVQEELFNQKLVEASTQFKKKQEKGTIDVWWLFDDGGLTLLIPYILTLRKKWKDCKLRIYVGGKINRIEEEKIVMASLLSKFRIKFADIHIIGDINIRPNKESWKVFEEMIEPYRLHESCKDLTTAEKLKRETPWKITDAELEAVKEKSYRQVRLNELLQEHSRAANLIVLSLPVARKGSISDLLYMAWLEILTKNLPPVLLVRGNHKNVLTFYS/EIEKLKQEKEDLETELEYLKFRKDLYKIDEEEYKRMEEKMKELEKKAEELEKEIKELEKA
11,0,11,1.2130908266171585,0.7138041257858276,0.33858782052993774,22.613224923610687,6.579267501831055,ITHAFTKNSGLCICCEVFVGPRKLCVKEMNSGMAKKQAWLIKNKIKAFYAAVAADCFRDGVRSLLQASGLGRMKPNTLVIGYKKNWRKAPLTEIENYVGIIHDAFDFEIGVVIVRISQGFDISQVLQVQEELFNQKLVEASTQFKKKQEKGTIDVWWLFDDGGLTLLIPYILTLRKKWKDCKLRIYVGGKINRIEEEKIVMASLLSKFRIKFADIHIIGDINIRPNKESWKVFEEMIEPYRLHESCKDLTTAEKLKRETPWKITDAELEAVKEKSYRQVRLNELLQEHSRAANLIVLSLPVARKGSISDLLYMAWLEILTKNLPPVLLVRGNHKNVLTFYS/EIEKLKEEREDLKTQLKYLEFRKDLFSIDEEEYKRMKKKMEELEKKAKELEKKIEELEKK
12,0,12,1.1889219128097415,0.7346248030662537,0.4656887650489807,19.299236953258514,5.556788444519043,ITHAFTKNSGLCICCEVFVGPRKLCVKEMNSGMAKKQAWLIKNKIKAFYAAVAADCFRDGVRSLLQASGLGRMKPNTLVIGYKKNWRKAPLTEIENYVGIIHDAFDFEIGVVIVRISQGFDISQVLQVQEELFNQKLVEASTQFKKKQEKGTIDVWWLFDDGGLTLLIPYILTLRKKWKDCKLRIYVGGKINRIEEEKIVMASLLSKFRIKFADIHIIGDINIRPNKESWKVFEEMIEPYRLHESCKDLTTAEKLKRETPWKITDAELEAVKEKSYRQVRLNELLQEHSRAANLIVLSLPVARKGSISDLLYMAWLEILTKNLPPVLLVRGNHKNVLTFYS/KIEELEEEANNYKIELKYLEFRKDLFSIDEEEYKRMKEKMEKLKKKYEELKKEIEKLKEE
13,0,13,1.2256066228393487,0.7603363394737244,0.21190106868743896,25.60169953107834,28.293058395385742,ITHAFTKNSGLCICCEVFVGPRKLCVKEMNSGMAKKQAWLIKNKIKAFYAAVAADCFRDGVRSLLQASGLGRMKPNTLVIGYKKNWRKAPLTEIENYVGIIHDAFDFEIGVVIVRISQGFDISQVLQVQEELFNQKLVEASTQFKKKQEKGTIDVWWLFDDGGLTLLIPYILTLRKKWKDCKLRIYVGGKINRIEEEKIVMASLLSKFRIKFADIHIIGDINIRPNKESWKVFEEMIEPYRLHESCKDLTTAEKLKRETPWKITDAELEAVKEKSYRQVRLNELLQEHSRAANLIVLSLPVARKGSISDLLYMAWLEILTKNLPPVLLVRGNHKNVLTFYS/KIEEIKEKIEDYKTEKKYLEFRLELYKIDEEEYKRVKEKIEELEKKAEELEKIAKELEES
14,0,14,1.230511961423908,0.8176875114440918,0.39857617020606995,21.134602904319763,14.20087718963623,ITHAFTKNSGLCICCEVFVGPRKLCVKEMNSGMAKKQAWLIKNKIKAFYAAVAADCFRDGVRSLLQASGLGRMKPNTLVIGYKKNWRKAPLTEIENYVGIIHDAFDFEIGVVIVRISQGFDISQVLQVQEELFNQKLVEASTQFKKKQEKGTIDVWWLFDDGGLTLLIPYILTLRKKWKDCKLRIYVGGKINRIEEEKIVMASLLSKFRIKFADIHIIGDINIRPNKESWKVFEEMIEPYRLHESCKDLTTAEKLKRETPWKITDAELEAVKEKSYRQVRLNELLQEHSRAANLIVLSLPVARKGSISDLLYMAWLEILTKNLPPVLLVRGNHKNVLTFYS/EIEELKEEAENLENELKYLKFRRELFSIDPEEYERYEKKIKELEKKREELLKKVEELEKS
15,0,15,1.2193328805719117,0.8643174171447754,0.17595705389976501,26.24735116958618,28.79461669921875,ITHAFTKNSGLCICCEVFVGPRKLCVKEMNSGMAKKQAWLIKNKIKAFYAAVAADCFRDGVRSLLQASGLGRMKPNTLVIGYKKNWRKAPLTEIENYVGIIHDAFDFEIGVVIVRISQGFDISQVLQVQEELFNQKLVEASTQFKKKQEKGTIDVWWLFDDGGLTLLIPYILTLRKKWKDCKLRIYVGGKINRIEEEKIVMASLLSKFRIKFADIHIIGDINIRPNKESWKVFEEMIEPYRLHESCKDLTTAEKLKRETPWKITDAELEAVKEKSYRQVRLNELLQEHSRAANLIVLSLPVARKGSISDLLYMAWLEILTKNLPPVLLVRGNHKNVLTFYS/EVEKLEEEAENYKIELKYLEARKELFSIYPEEYERVEKKMKELEEKYKELEKEVEKLKKE
16,0,16,1.2796215519659868,0.8243935108184814,0.19376808404922485,25.547002613544464,29.005313873291016,ITHAFTKNSGLCICCEVFVGPRKLCVKEMNSGMAKKQAWLIKNKIKAFYAAVAADCFRDGVRSLLQASGLGRMKPNTLVIGYKKNWRKAPLTEIENYVGIIHDAFDFEIGVVIVRISQGFDISQVLQVQEELFNQKLVEASTQFKKKQEKGTIDVWWLFDDGGLTLLIPYILTLRKKWKDCKLRIYVGGKINRIEEEKIVMASLLSKFRIKFADIHIIGDINIRPNKESWKVFEEMIEPYRLHESCKDLTTAEKLKRETPWKITDAELEAVKEKSYRQVRLNELLQEHSRAANLIVLSLPVARKGSISDLLYMAWLEILTKNLPPVLLVRGNHKNVLTFYS/ELEELKEEAENLKTELKYLEFREDLFAIDPELAKIHEKKKKELEEKYKELEKKVKELESK
17,0,17,1.1646729901975397,0.8012353181838989,0.48166507482528687,18.946044385433197,5.07327938079834,ITHAFTKNSGLCICCEVFVGPRKLCVKEMNSGMAKKQAWLIKNKIKAFYAAVAADCFRDGVRSLLQASGLGRMKPNTLVIGYKKNWRKAPLTEIENYVGIIHDAFDFEIGVVIVRISQGFDISQVLQVQEELFNQKLVEASTQFKKKQEKGTIDVWWLFDDGGLTLLIPYILTLRKKWKDCKLRIYVGGKINRIEEEKIVMASLLSKFRIKFADIHIIGDINIRPNKESWKVFEEMIEPYRLHESCKDLTTAEKLKRETPWKITDAELEAVKEKSYRQVRLNELLQEHSRAANLIVLSLPVARKGSISDLLYMAWLEILTKNLPPVLLVRGNHKNVLTFYS/KIEELKEEAENYEIELKYLEFRKEIASIDEEEYKRLEEKMKELKKKIEELKKKVEELEKK
18,0,18,1.1956271648897798,0.7920414209365845,0.23786383867263794,24.946147680282593,4.167722225189209,ITHAFTKNSGLCICCEVFVGPRKLCVKEMNSGMAKKQAWLIKNKIKAFYAAVAADCFRDGVRSLLQASGLGRMKPNTLVIGYKKNWRKAPLTEIENYVGIIHDAFDFEIGVVIVRISQGFDISQVLQVQEELFNQKLVEASTQFKKKQEKGTIDVWWLFDDGGLTLLIPYILTLRKKWKDCKLRIYVGGKINRIEEEKIVMASLLSKFRIKFADIHIIGDINIRPNKESWKVFEEMIEPYRLHESCKDLTTAEKLKRETPWKITDAELEAVKEKSYRQVRLNELLQEHSRAANLIVLSLPVARKGSISDLLYMAWLEILTKNLPPVLLVRGNHKNVLTFYS/EIEKLKQEAEDAKTQLAFLEARKELYSIDEEEYERVEKKMEELKKKYEELEKKVKELEKK
19,0,19,1.2583247952549539,0.780765950679779,0.46025705337524414,19.292241394519806,5.437575340270996,ITHAFTKNSGLCICCEVFVGPRKLCVKEMNSGMAKKQAWLIKNKIKAFYAAVAADCFRDGVRSLLQASGLGRMKPNTLVIGYKKNWRKAPLTEIENYVGIIHDAFDFEIGVVIVRISQGFDISQVLQVQEELFNQKLVEASTQFKKKQEKGTIDVWWLFDDGGLTLLIPYILTLRKKWKDCKLRIYVGGKINRIEEEKIVMASLLSKFRIKFADIHIIGDINIRPNKESWKVFEEMIEPYRLHESCKDLTTAEKLKRETPWKITDAELEAVKEKSYRQVRLNELLQEHSRAANLIVLSLPVARKGSISDLLYMAWLEILTKNLPPVLLVRGNHKNVLTFYS/KISELEEEAKNKEIELQYLKFREDLFKIDEEEYEKHKKKMEKLEEEYKKLKEKIEELKKS
20,0,20,1.2045735069095156,0.6778425574302673,0.3343753516674042,23.172854840755463,15.909965515136719,ITHAFTKNSGLCICCEVFVGPRKLCVKEMNSGMAKKQAWLIKNKIKAFYAAVAADCFRDGVRSLLQASGLGRMKPNTLVIGYKKNWRKAPLTEIENYVGIIHDAFDFEIGVVIVRISQGFDISQVLQVQEELFNQKLVEASTQFKKKQEKGTIDVWWLFDDGGLTLLIPYILTLRKKWKDCKLRIYVGGKINRIEEEKIVMASLLSKFRIKFADIHIIGDINIRPNKESWKVFEEMIEPYRLHESCKDLTTAEKLKRETPWKITDAELEAVKEKSYRQVRLNELLQEHSRAANLIVLSLPVARKGSISDLLYMAWLEILTKNLPPVLLVRGNHKNVLTFYS/ELKKLEEEREDLKTELKYLEFRKDIFKIDEEEYERWKKKMEELKKKAEELEKKVEELKRS
21,0,21,1.3039247446072477,0.8194844126701355,0.29029548168182373,23.702806293964386,15.350763320922852,ITHAFTKNSGLCICCEVFVGPRKLCVKEMNSGMAKKQAWLIKNKIKAFYAAVAADCFRDGVRSLLQASGLGRMKPNTLVIGYKKNWRKAPLTEIENYVGIIHDAFDFEIGVVIVRISQGFDISQVLQVQEELFNQKLVEASTQFKKKQEKGTIDVWWLFDDGGLTLLIPYILTLRKKWKDCKLRIYVGGKINRIEEEKIVMASLLSKFRIKFADIHIIGDINIRPNKESWKVFEEMIEPYRLHESCKDLTTAEKLKRETPWKITDAELEAVKEKSYRQVRLNELLQEHSRAANLIVLSLPVARKGSISDLLYMAWLEILTKNLPPVLLVRGNHKNVLTFYS/EIQKLEEEQKNLENELKYLKFRKELYSIDEELYERIEKKMKELEKKAEEIKKKVEELKEK
22,0,22,1.2009937758728928,0.8330603837966919,0.39922839403152466,21.325299322605133,7.128935813903809,ITHAFTKNSGLCICCEVFVGPRKLCVKEMNSGMAKKQAWLIKNKIKAFYAAVAADCFRDGVRSLLQASGLGRMKPNTLVIGYKKNWRKAPLTEIENYVGIIHDAFDFEIGVVIVRISQGFDISQVLQVQEELFNQKLVEASTQFKKKQEKGTIDVWWLFDDGGLTLLIPYILTLRKKWKDCKLRIYVGGKINRIEEEKIVMASLLSKFRIKFADIHIIGDINIRPNKESWKVFEEMIEPYRLHESCKDLTTAEKLKRETPWKITDAELEAVKEKSYRQVRLNELLQEHSRAANLIVLSLPVARKGSISDLLYMAWLEILTKNLPPVLLVRGNHKNVLTFYS/EIEKLKEEAENLEIELEYLKFRLDIFKIDEEEYERTKKKMKELEEKRKELLEKIKKLEES
23,0,23,1.1564189886609566,0.7245373129844666,0.318668007850647,23.553425431251526,13.398962020874023,ITHAFTKNSGLCICCEVFVGPRKLCVKEMNSGMAKKQAWLIKNKIKAFYAAVAADCFRDGVRSLLQASGLGRMKPNTLVIGYKKNWRKAPLTEIENYVGIIHDAFDFEIGVVIVRISQGFDISQVLQVQEELFNQKLVEASTQFKKKQEKGTIDVWWLFDDGGLTLLIPYILTLRKKWKDCKLRIYVGGKINRIEEEKIVMASLLSKFRIKFADIHIIGDINIRPNKESWKVFEEMIEPYRLHESCKDLTTAEKLKRETPWKITDAELEAVKEKSYRQVRLNELLQEHSRAANLIVLSLPVARKGSISDLLYMAWLEILTKNLPPVLLVRGNHKNVLTFYS/KIEELEEEAENLKTELEYLEFRKELYSIDEEEYEKMKKKMEELKKKYEELKKEIEELKKK
24,0,24,1.2426414996798032,0.7578533887863159,0.27923524379730225,24.383243560791016,9.374353408813477,ITHAFTKNSGLCICCEVFVGPRKLCVKEMNSGMAKKQAWLIKNKIKAFYAAVAADCFRDGVRSLLQASGLGRMKPNTLVIGYKKNWRKAPLTEIENYVGIIHDAFDFEIGVVIVRISQGFDISQVLQVQEELFNQKLVEASTQFKKKQEKGTIDVWWLFDDGGLTLLIPYILTLRKKWKDCKLRIYVGGKINRIEEEKIVMASLLSKFRIKFADIHIIGDINIRPNKESWKVFEEMIEPYRLHESCKDLTTAEKLKRETPWKITDAELEAVKEKSYRQVRLNELLQEHSRAANLIVLSLPVARKGSISDLLYMAWLEILTKNLPPVLLVRGNHKNVLTFYS/KIKELEEEKEDAETELKYLEARKELYSIDEEEWERTEKKIEELKEKAEKLKKEVEELKKK
25,0,25,1.251345718691805,0.6416136026382446,0.39432233572006226,21.44778072834015,8.90191650390625,ITHAFTKNSGLCICCEVFVGPRKLCVKEMNSGMAKKQAWLIKNKIKAFYAAVAADCFRDGVRSLLQASGLGRMKPNTLVIGYKKNWRKAPLTEIENYVGIIHDAFDFEIGVVIVRISQGFDISQVLQVQEELFNQKLVEASTQFKKKQEKGTIDVWWLFDDGGLTLLIPYILTLRKKWKDCKLRIYVGGKINRIEEEKIVMASLLSKFRIKFADIHIIGDINIRPNKESWKVFEEMIEPYRLHESCKDLTTAEKLKRETPWKITDAELEAVKEKSYRQVRLNELLQEHSRAANLIVLSLPVARKGSISDLLYMAWLEILTKNLPPVLLVRGNHKNVLTFYS/EIEELEKKKENLEIELKYLEFRKEIYEIDEEEYKIVKERMKKLEEEAKKLKEEVEKLKEK
26,0,26,1.2456909799734828,0.833527147769928,0.2148193120956421,25.61146116256714,18.005712509155273,ITHAFTKNSGLCICCEVFVGPRKLCVKEMNSGMAKKQAWLIKNKIKAFYAAVAADCFRDGVRSLLQASGLGRMKPNTLVIGYKKNWRKAPLTEIENYVGIIHDAFDFEIGVVIVRISQGFDISQVLQVQEELFNQKLVEASTQFKKKQEKGTIDVWWLFDDGGLTLLIPYILTLRKKWKDCKLRIYVGGKINRIEEEKIVMASLLSKFRIKFADIHIIGDINIRPNKESWKVFEEMIEPYRLHESCKDLTTAEKLKRETPWKITDAELEAVKEKSYRQVRLNELLQEHSRAANLIVLSLPVARKGSISDLLYMAWLEILTKNLPPVLLVRGNHKNVLTFYS/EIERLEKELEDYKTELKYLEFRKDISAIYEEEAKKDEEKMKELKEKAEELEKKVKELKEK
27,0,27,1.2161416697462055,0.7462211847305298,0.3692583739757538,22.363518953323364,10.617546081542969,ITHAFTKNSGLCICCEVFVGPRKLCVKEMNSGMAKKQAWLIKNKIKAFYAAVAADCFRDGVRSLLQASGLGRMKPNTLVIGYKKNWRKAPLTEIENYVGIIHDAFDFEIGVVIVRISQGFDISQVLQVQEELFNQKLVEASTQFKKKQEKGTIDVWWLFDDGGLTLLIPYILTLRKKWKDCKLRIYVGGKINRIEEEKIVMASLLSKFRIKFADIHIIGDINIRPNKESWKVFEEMIEPYRLHESCKDLTTAEKLKRETPWKITDAELEAVKEKSYRQVRLNELLQEHSRAANLIVLSLPVARKGSISDLLYMAWLEILTKNLPPVLLVRGNHKNVLTFYS/EIEKLENEAKDYKIELEYLEFRKELFKIDPEEYEKMEKKMKELEEKRKELEKKVEELKKK
28,0,28,1.1538291452392138,0.7036727666854858,0.17785923182964325,26.525296211242676,29.72296905517578,ITHAFTKNSGLCICCEVFVGPRKLCVKEMNSGMAKKQAWLIKNKIKAFYAAVAADCFRDGVRSLLQASGLGRMKPNTLVIGYKKNWRKAPLTEIENYVGIIHDAFDFEIGVVIVRISQGFDISQVLQVQEELFNQKLVEASTQFKKKQEKGTIDVWWLFDDGGLTLLIPYILTLRKKWKDCKLRIYVGGKINRIEEEKIVMASLLSKFRIKFADIHIIGDINIRPNKESWKVFEEMIEPYRLHESCKDLTTAEKLKRETPWKITDAELEAVKEKSYRQVRLNELLQEHSRAANLIVLSLPVARKGSISDLLYMAWLEILTKNLPPVLLVRGNHKNVLTFYS/EIEKLKEEEENLKIELEYLEARKELFSIDEELYEKVKKKMEELKKKAEELEKKVKELEEK
29,0,29,1.2069475412840722,0.7596453428268433,0.2001895010471344,25.830841958522797,28.44504737854004,ITHAFTKNSGLCICCEVFVGPRKLCVKEMNSGMAKKQAWLIKNKIKAFYAAVAADCFRDGVRSLLQASGLGRMKPNTLVIGYKKNWRKAPLTEIENYVGIIHDAFDFEIGVVIVRISQGFDISQVLQVQEELFNQKLVEASTQFKKKQEKGTIDVWWLFDDGGLTLLIPYILTLRKKWKDCKLRIYVGGKINRIEEEKIVMASLLSKFRIKFADIHIIGDINIRPNKESWKVFEEMIEPYRLHESCKDLTTAEKLKRETPWKITDAELEAVKEKSYRQVRLNELLQEHSRAANLIVLSLPVARKGSISDLLYMAWLEILTKNLPPVLLVRGNHKNVLTFYS/EIEKLKEEKENYKTELKYLKFRKELAEIDPELYKRLKEKMKKLEEKAEELEKKIKELEKK
30,0,30,1.2896147291199749,0.7755579948425293,0.3543083071708679,22.031309366226196,5.297033309936523,ITHAFTKNSGLCICCEVFVGPRKLCVKEMNSGMAKKQAWLIKNKIKAFYAAVAADCFRDGVRSLLQASGLGRMKPNTLVIGYKKNWRKAPLTEIENYVGIIHDAFDFEIGVVIVRISQGFDISQVLQVQEELFNQKLVEASTQFKKKQEKGTIDVWWLFDDGGLTLLIPYILTLRKKWKDCKLRIYVGGKINRIEEEKIVMASLLSKFRIKFADIHIIGDINIRPNKESWKVFEEMIEPYRLHESCKDLTTAEKLKRETPWKITDAELEAVKEKSYRQVRLNELLQEHSRAANLIVLSLPVARKGSISDLLYMAWLEILTKNLPPVLLVRGNHKNVLTFYS/DLERLEKEAENAKIELAYLEARKDLFSIDEEEYERVEKKMEELKKKYEELTKEVEKLKEE
31,0,31,1.2158308767239425,0.7723069190979004,0.2862139344215393,23.750032782554626,3.934319257736206,ITHAFTKNSGLCICCEVFVGPRKLCVKEMNSGMAKKQAWLIKNKIKAFYAAVAADCFRDGVRSLLQASGLGRMKPNTLVIGYKKNWRKAPLTEIENYVGIIHDAFDFEIGVVIVRISQGFDISQVLQVQEELFNQKLVEASTQFKKKQEKGTIDVWWLFDDGGLTLLIPYILTLRKKWKDCKLRIYVGGKINRIEEEKIVMASLLSKFRIKFADIHIIGDINIRPNKESWKVFEEMIEPYRLHESCKDLTTAEKLKRETPWKITDAELEAVKEKSYRQVRLNELLQEHSRAANLIVLSLPVARKGSISDLLYMAWLEILTKNLPPVLLVRGNHKNVLTFYS/EIEKLEEEAEDYKIKLKYLKFREDLYSIDEELSEKVKKKMEELEKKYKELEEKIEELKKK
