id,seq
0,EIEELKKEAENLKIERKYLEARLDLYKIDPEEYERTEKKIKELKEKEEKLKKEIEKLEES
1,EIEKLKEEKENYEIELKYLEFRKPLFEIDEEEYERVKKRIEELKKKAKELEEEVEKLEAE
2,EVAKLKEEAEYYKTLLKYLEFRLDIYKIDEDIYKRVEEKMKELKKKKEELEKKVEELLKS
3,EIEKLKEEAENYKIELKYLEFREDLYSIDSELYEKHKKKKKELEEKAKKLEEEIEKLEKS
4,EIKELEEQKKNAETELAYLEFRKDLFSIDEEEYERTEKKMKELEEKAKKLQKKIEELKKS
5,EIEKLEEKAKSLETELKYLEFREEIFKIDEEEYEKHKKKVEELKKELEEIKKKVDSLKKS
6,KIKELEEEAKNAKEELQYLEFRLDLSKIDEEEYKRTKEKMEELQKKAEELEKKIKELKEK
7,EIEKLKEEAEDLETELKYLEFRKEIFSIDEEEYEIMEKKIAELKAKREELKKKVKKLEEE
8,EIEELKKKAEDLKTQLKYLEFRKDLFSIDEEEYKKYKEKMKKLEKERKELEKEIEKLEKA
9,KIEELKKEAEDLKTQLEFLKFRRELFSIDEEEYKITEEKMKELEEKYKELEKKIKKLEEE
10,EIEKLEEERENLEIELKYLEFRKELFKIDPEEYERVEKKIEELKKKKEELKKEVEELKKK
11,EIEKLKEKAESLEIELKYLEFRKDLFSIDEEEYERTKKKIEELKKEKKELEEEVKRLEKE
12,EIKKLEDEKEDALTELKYLEARKELFSIDDEEYKRIEERMKELEKKAEELAEKVEKLKKS
13,EIEKLKEEAKDAETELAYLKFRKELYSIDEEEAERMEKRIAELEKEREELEKKVKELEEK
14,EIDKLKEEAENLKTELKYLEFRKDTFKIDKEVYERTEEKIAKLKKEYEETQKKVDELEKK
15,EIEKLKEEAENYEIELKYLEFRKDIFSIDEEEYKRVEKKIKELKEKKEKLKKEIEKLEES
16,EIESLKDDAETAEILLNYLKFREDEYKIDPELYEITEKKMKNLEKEIKELKEKVKELEEK
17,SIKKLKQEAEDYKIQLKYLEARKDLFKIDPETYEKAEKKMKELKEKEKSLNEKIEEEEKK
18,VINNLKKEAEDKETELKFLEFQKDLYKIDDESYELLEKKMKELKEEKEELEKKIKELEKK
19,GIEELENKRKDLEILLEYYEFRKDLYNIDEEDAKRMEAKMKKLKEEAEKVKQEVERLKSA
20,ELEKLEEEKKDYETELAYLKFRLDLFSIDEEEYERTKKKIEELEKKAEELKKKIEELKKK
21,EVKELEEKEEDLKTELAYLEARKDLYSIDPEEAERMDERMKKLKEEAEKLKKLVEELKKK
22,KIEELRKKAEDAKIELKYLEFRKELFSIDEEEYEKTEKKIKELEEKYKEIEKKVKEEEEK
23,EIKKIEEEAENYKTELKYLEFRRELYKIDPEEYKRTEKKMEELKKKYEDLEAKAAELSEE
24,ELEELEEKREYYEIELKYLEFRRNISKIYPDIYEKDEKKMEELKKKAEELKKKIEELKES
25,ELETLKEEAENYEIELKYLEFTKELSSIFDEDKERLDIKMEELKKKRENLLKEIEKLEKE
26,ELEKLEEEKENLKTELKYLEFRWPLYSIDEEEKKIVEKKMKELKEEAEKLEKKVKRLKEK
27,EIKKLEEEREDLEIELKYLEARKEEHSIDEEESKRLNEKMKELEEKAKKLKEKVEKLKEE
